name,email,phone,gender,age,date,address,city,state,zipcode,country,salary
Jerome Mitchelle,jerome.mitchelle@example.com (Valid),011-304-2043 (Invalid),male (Valid),46 (Valid),1978-06-25 (Valid),5533 Albert Road,Malahide,Westmeath,91566,Ireland,"31,319.00"
مریم سلطانی نژاد,mrym.sltnynjd@example.com (Valid),034-32991011 (Invalid),female (Valid),47 (Valid),1977-01-13 (Valid),959 میدان صادقیه,شیراز,آذربایجان غربی,93487,Iran,"90,690.00"
Crijn Boosten,crijn.boosten@example.com (Valid),(094) 1111279 (Invalid),male (Valid),57 (Valid),1967-05-07 (Valid),1894 Hedastraat,Hoeven,Groningen,1670 HQ,Netherlands,"50,114.00"
Moa Leirvik,moa.leirvik@example.com (Valid),83607313 (Invalid),female (Valid),59 (Valid),1965-07-17 (Valid),5363 Vestlia,Trømborg,Møre og Romsdal,8656,Norway,"83,377.00"
Alisa Manni,alisa.manni@example.com (Valid),02-560-731 (Invalid),female (Valid),36 (Valid),1988-05-02 (Valid),7007 Bulevardi,Oulainen,Lapland,82267,Finland,"40,806.00"
Julio César Lomeli,juliocesar.lomeli@example.com (Valid),(693) 085 2021 (Invalid),male (Valid),42 (Valid),1982-06-23 (Valid),3013 Periférico Ocasio,Nacajuca,Estado de Mexico,94562,Mexico,"66,841.00"
Jon Dean,jon.dean@example.com (Valid),08-2420-4397 (Invalid),male (Valid),30 (Valid),1994-08-29 (Valid),7833 Prospect Rd,Tweed,Australian Capital Territory,2629,Australia,"93,338.00"
Victoria Guajardo,victoria.guajardo@example.com (Valid),(605) 636 6878 (Invalid),female (Valid),65 (Valid),1959-08-31 (Valid),7035 Prolongación Albania,Villa Purificación,Baja California Sur,96382,Mexico,"38,048.00"
Daniel Wood,daniel.wood@example.com (Valid),(056)-997-2209 (Invalid),male (Valid),58 (Valid),1966-09-19 (Valid),9321 Courtenay Place,Invercargill,Wellington,84122,New Zealand,"63,435.00"
Andréia da Paz,andreia.dapaz@example.com (Valid),(15) 5722-5506 (Invalid),female (Valid),76 (Valid),1948-06-15 (Valid),9295 Rua Santo Antônio ,Montes Claros,Piauí,31352,Brazil,"93,819.00"
Babür Poyrazoğlu,babur.poyrazoglu@example.com (Valid),(666)-915-3887 (Invalid),male (Valid),67 (Valid),1957-10-14 (Valid),7584 Necatibey Cd,Kütahya,Erzincan,13044,Turkey,"110,320.00"
Emil Leppanen,emil.leppanen@example.com (Valid),04-225-292 (Invalid),male (Valid),59 (Valid),1964-12-31 (Valid),9222 Satakennankatu,Malax,Southern Savonia,51236,Finland,"102,157.00"
Marta Arias,marta.arias@example.com (Valid),993-068-520 (Invalid),female (Valid),73 (Valid),1951-01-16 (Valid),1491 Calle Mota,Burgos,Galicia,94262,Spain,"104,957.00"
Janet Bates,janet.bates@example.com (Valid),011-337-4588 (Invalid),female (Valid),39 (Valid),1985-07-27 (Valid),1739 North Road,Leixlip,Cork City,83566,Ireland,"86,695.00"
Gabriel Martinez,gabriel.martinez@example.com (Valid),05-18-12-52-82 (Invalid),male (Valid),47 (Valid),1976-11-12 (Valid),5465 Avenue Tony-Garnier,Rueil-Malmaison,Moselle,58199,France,"114,293.00"
Darian Van den Eerenbeemt,darian.vandeneerenbeemt@example.com (Valid),(0560) 191692 (Invalid),male (Valid),63 (Valid),1961-02-22 (Valid),4300 Generaal van der Plaatstraat,Nijeveen,Drenthe,0713 WO,Netherlands,"70,122.00"
Troy Hill,troy.hill@example.com (Valid),011-394-9425 (Invalid),male (Valid),54 (Valid),1970-05-03 (Valid),6683 Rookery Road,Maynooth,Monaghan,13889,Ireland,"30,068.00"
Miodrag Šijan,miodrag.sijan@example.com (Valid),026-5111-372 (Invalid),male (Valid),46 (Valid),1978-06-03 (Valid),9021 Božidara Pavićevića ,Priština,Mačva,47648,Serbia,"86,071.00"
Tess Vincent,tess.vincent@example.com (Valid),01-94-44-40-05 (Invalid),female (Valid),30 (Valid),1994-10-09 (Valid),167 Rue de la Barre,Nice,Aube,56132,France,"39,767.00"
Vist Ostrogradskiy,vist.ostrogradskiy@example.com (Valid),(098) B52-3227 (Invalid),male (Valid),73 (Valid),1950-10-25 (Valid),7742 Prospekt Molodi,Armyansk,Kiyivska,48305,Ukraine,"30,075.00"
Hans-Helmut Nissen,hans-helmut.nissen@example.com (Valid),0049-3487234 (Invalid),male (Valid),46 (Valid),1978-07-10 (Valid),3024 Rosenweg,Stadt Wehlen,Bayern,54903,Germany,"115,359.00"
Kenzi Steward,kenzi.steward@example.com (Valid),(664) 711-0898 (Invalid),female (Valid),71 (Valid),1953-06-14 (Valid),7510 Bruce St,Waxahachie,New Mexico,10474,United States,"55,812.00"
Jordan Le Gall,jordan.legall@example.com (Valid),079 775 48 82 (Invalid),male (Valid),59 (Valid),1965-04-19 (Valid),7348 Avenue de la République,Büren (So),Luzern,6335,Switzerland,"94,443.00"
عباس علیزاده,aabs.aalyzdh@example.com (Valid),002-50369518 (Invalid),male (Valid),68 (Valid),1955-11-10 (Valid),3 آیت الله مدرس,بجنورد,کرمان,68001,Iran,"53,801.00"
Augusta Ernstsen,augusta.ernstsen@example.com (Valid),29538864 (Invalid),female (Valid),23 (Valid),2001-04-06 (Valid),1959 Rådyrstien,Osøyro,Troms - Romsa,2123,Norway,"30,262.00"
Gabrielle Morin,gabrielle.morin@example.com (Valid),05-41-62-66-45 (Invalid),female (Valid),46 (Valid),1977-11-18 (Valid),291 Rue de la Fontaine,Metz,Tarn,46079,France,"102,806.00"
Harper Lo,harper.lo@example.com (Valid),D96 U12-5388 (Invalid),female (Valid),78 (Valid),1946-05-26 (Valid),5807 Grand Marais Ave,Trout Lake,Québec,D0G 2J4,Canada,"113,774.00"
Anka Šotra,anka.sotra@example.com (Valid),035-4339-675 (Invalid),female (Valid),68 (Valid),1956-04-08 (Valid),973 Vojvode Stepe Stepanovića,Pećinci,West Bačka,41728,Serbia,"38,319.00"
Antonije Branković,antonije.brankovic@example.com (Valid),027-1431-754 (Invalid),male (Valid),27 (Valid),1997-07-13 (Valid),2218 Stare Ranke,Temerin,Rasina,63174,Serbia,"86,593.00"
Ryan Denys,ryan.denys@example.com (Valid),O59 E21-4088 (Invalid),male (Valid),26 (Valid),1997-12-15 (Valid),3609 St. Lawrence Ave,Keswick,Manitoba,O6W 8Z9,Canada,"59,284.00"
Consuelo Navarro,consuelo.navarro@example.com (Valid),953-354-633 (Invalid),female (Valid),61 (Valid),1963-02-01 (Valid),4916 Calle del Prado,Vigo,Extremadura,85649,Spain,"57,621.00"
Mackenzie Chen,mackenzie.chen@example.com (Valid),(464)-825-5919 (Invalid),female (Valid),78 (Valid),1946-03-26 (Valid),3310 New North Road,Greymouth,Bay of Plenty,99531,New Zealand,"40,483.00"
Vanessa Craig,vanessa.craig@example.com (Valid),01152 33800 (Invalid),female (Valid),44 (Valid),1980-01-24 (Valid),1540 Kingsway,Stoke-on-Trent,Lancashire,Y9U 5BQ,United Kingdom,"46,905.00"
Miro Hakala,miro.hakala@example.com (Valid),03-708-146 (Invalid),male (Valid),46 (Valid),1978-06-03 (Valid),166 Myllypuronkatu,Lumparland,Finland Proper,74018,Finland,"116,225.00"
Spasoje Zeljković,spasoje.zeljkovic@example.com (Valid),034-5736-159 (Invalid),male (Valid),39 (Valid),1985-06-05 (Valid),3027 Seljina,Bački Petrovac,Rasina,85415,Serbia,"119,495.00"
Nella Koskinen,nella.koskinen@example.com (Valid),05-164-403 (Invalid),female (Valid),30 (Valid),1994-02-05 (Valid),4494 Rotuaari,Alavieska,Northern Ostrobothnia,69784,Finland,"96,426.00"
پارسا سلطانی نژاد,prs.sltnynjd@example.com (Valid),019-07751592 (Invalid),male (Valid),77 (Valid),1947-03-26 (Valid),7840 شیخ فضل الله نوری,رشت,خراسان شمالی,31027,Iran,"106,315.00"
Laura Carter,laura.carter@example.com (Valid),015395 15830 (Invalid),female (Valid),64 (Valid),1959-12-29 (Valid),2668 Alexander Road,Leicester,Derbyshire,VY3G 7XW,United Kingdom,"59,389.00"
Camila Bustos,camila.bustos@example.com (Valid),(681) 587 4922 (Invalid),female (Valid),75 (Valid),1949-09-13 (Valid),2930 Corredor Beltrán,San José Casas Caídas,Ciudad de Mexico,76189,Mexico,"62,767.00"
Önal Kutlay,onal.kutlay@example.com (Valid),(032)-090-2204 (Invalid),male (Valid),59 (Valid),1964-12-02 (Valid),3141 Şehitler Cd,Nevşehir,Kayseri,93819,Turkey,"105,631.00"
Toby Morris,toby.morris@example.com (Valid),(013)-044-3480 (Invalid),male (Valid),62 (Valid),1961-12-04 (Valid),854 Pt Chevalier Road,Whangarei,Taranaki,59578,New Zealand,"107,835.00"
Jason Lynch,jason.lynch@example.com (Valid),(494) 961-4670 (Invalid),male (Valid),39 (Valid),1984-10-28 (Valid),4759 Samaritan Dr,Ironville,New Mexico,15874,United States,"67,562.00"
Nihal Sullad,nihal.sullad@example.com (Valid),7473442594 (Invalid),male (Valid),62 (Valid),1962-06-26 (Valid),4572 Shanmugham Rd,Nanded,Daman and Diu,10592,India,"46,380.00"
Hanna Kvalø,hanna.kvalo@example.com (Valid),84079620 (Invalid),female (Valid),27 (Valid),1997-04-07 (Valid),3128 Rubina Ranas gate,Øverbø,Hedmark,5517,Norway,"118,232.00"
Leticia Marrero,leticia.marrero@example.com (Valid),(675) 562 3582 (Invalid),female (Valid),72 (Valid),1952-06-03 (Valid),5283 Andador Jamaica,El Fortín,Aguascalientes,72729,Mexico,"74,954.00"
Carmen Fonseca,carmen.fonseca@example.com (Valid),(647) 091 3694 (Invalid),female (Valid),29 (Valid),1995-08-24 (Valid),6648 Peatonal El Salvador,El Pozole,Sinaloa,14726,Mexico,"43,250.00"
Juho Aalto,juho.aalto@example.com (Valid),07-511-018 (Invalid),male (Valid),40 (Valid),1984-03-11 (Valid),9176 Pispalan Valtatie,Lavia,Päijät-Häme,99071,Finland,"56,480.00"
Ashley Perry,ashley.perry@example.com (Valid),028 5213 2547 (Invalid),female (Valid),59 (Valid),1965-09-08 (Valid),7790 Kingsway,Cambridge,Cleveland,I1E 6XL,United Kingdom,"38,089.00"
Ceyhan Dağdaş,ceyhan.dagdas@example.com (Valid),(217)-562-1598 (Invalid),female (Valid),38 (Valid),1985-12-08 (Valid),9253 Doktorlar Cd,Denizli,Kilis,74619,Turkey,"42,047.00"
Krin Rhodes,krin.rhodes@example.com (Valid),08-7330-5783 (Invalid),female (Valid),54 (Valid),1970-02-13 (Valid),7641 Plum St,Cairns,Victoria,5943,Australia,"33,996.00"
اميرمحمد رضایی,myrmhmd.rdyy@example.com (Valid),094-14749890 (Invalid),male (Valid),43 (Valid),1981-10-11 (Valid),5393 میدان 7 تیر,اسلام‌شهر,یزد,47987,Iran,"35,808.00"
Tomas González,tomas.gonzalez@example.com (Valid),920-158-470 (Invalid),male (Valid),51 (Valid),1973-03-31 (Valid),5330 Calle del Arenal,Jerez de la Frontera,País Vasco,74786,Spain,"116,126.00"
Begüm Akay,begum.akay@example.com (Valid),(790)-739-9950 (Invalid),female (Valid),69 (Valid),1954-11-03 (Valid),6407 Kushimoto Sk,Hatay,Balıkesir,11266,Turkey,"33,436.00"
Kadir Solmaz,kadir.solmaz@example.com (Valid),(738)-491-6077 (Invalid),male (Valid),65 (Valid),1959-03-01 (Valid),2331 Tunalı Hilmi Cd,Balıkesir,Bayburt,81724,Turkey,"80,205.00"
Joe Hansen,joe.hansen@example.com (Valid),(351) 397-8771 (Invalid),male (Valid),67 (Valid),1957-01-09 (Valid),412 Wycliff Ave,Sacramento,Utah,17911,United States,"101,856.00"
Eloy Solorzano,eloy.solorzano@example.com (Valid),(650) 132 4326 (Invalid),male (Valid),58 (Valid),1966-04-05 (Valid),6365 Circunvalación Norte Ontiveros,Marte R. Gómez (Tobarito),Oaxaca,40387,Mexico,"72,353.00"
Lauri Joki,lauri.joki@example.com (Valid),04-759-472 (Invalid),male (Valid),66 (Valid),1957-12-08 (Valid),5158 Hämeenkatu,Paltamo,North Karelia,19668,Finland,"74,431.00"
Carl Olsen,carl.olsen@example.com (Valid),56848987 (Invalid),male (Valid),77 (Valid),1947-05-16 (Valid),8669 Fredericiagade,Kvistgaard,Syddanmark,60827,Denmark,"71,096.00"
Maelya Pierre,maelya.pierre@example.com (Valid),05-59-72-42-03 (Invalid),female (Valid),39 (Valid),1985-04-04 (Valid),4761 Rue Louis-Garrand,Caen,Pas-de-Calais,66571,France,"73,023.00"
Nicklas Møller,nicklas.moller@example.com (Valid),91355620 (Invalid),male (Valid),47 (Valid),1977-07-17 (Valid),8176 Ranunkelvej,Gjerlev,Sjælland,55959,Denmark,"110,017.00"
Hubert Zach,hubert.zach@example.com (Valid),0108-3028013 (Invalid),male (Valid),49 (Valid),1974-11-17 (Valid),8234 Marktplatz,Haiger,Thüringen,25383,Germany,"83,219.00"
Evan Ortiz,evan.ortiz@example.com (Valid),015395 31105 (Invalid),male (Valid),78 (Valid),1946-06-02 (Valid),6787 High Street,Gloucester,Lincolnshire,I0 2WJ,United Kingdom,"75,714.00"
Joel Niska,joel.niska@example.com (Valid),07-447-631 (Invalid),male (Valid),66 (Valid),1957-12-04 (Valid),3635 Visiokatu,Suomenniemi,South Karelia,37541,Finland,"85,937.00"
Ramon Cunningham,ramon.cunningham@example.com (Valid),015395 18689 (Invalid),male (Valid),66 (Valid),1958-05-16 (Valid),748 Queen Street,Manchester,Mid Glamorgan,Z76 4GG,United Kingdom,"97,227.00"
Kaya Poçan,kaya.pocan@example.com (Valid),(193)-913-6995 (Invalid),male (Valid),46 (Valid),1978-04-26 (Valid),5004 Bağdat Cd,Diyarbakır,Erzincan,78701,Turkey,"117,583.00"
Zorica Janković,zorica.jankovic@example.com (Valid),029-1027-918 (Invalid),female (Valid),25 (Valid),1999-02-10 (Valid),8110 Panajota Papakostopulosa ,Šid,Podunavlje,72798,Serbia,"38,039.00"
Cláudio Cardoso,claudio.cardoso@example.com (Valid),(22) 0187-0792 (Invalid),male (Valid),26 (Valid),1998-08-21 (Valid),6876 Rua Maranhão ,Poços de Caldas,Ceará,95165,Brazil,"59,805.00"
Edward Grøtting,edward.grotting@example.com (Valid),31204764 (Invalid),male (Valid),42 (Valid),1982-04-01 (Valid),6215 Martin Strandlis vei,Stikkaåsen,Aust-Agder,3484,Norway,"81,849.00"
Nadežda Peković,nadezda.pekovic@example.com (Valid),024-1398-038 (Invalid),female (Valid),48 (Valid),1976-02-04 (Valid),3809 Nikole Petrovića,Ražanj,Braničevo,34149,Serbia,"92,337.00"
Warren Franklin,warren.franklin@example.com (Valid),(925) 326-0906 (Invalid),male (Valid),64 (Valid),1960-01-14 (Valid),9641 Edwards Rd,Toledo,Wisconsin,93835,United States,"107,913.00"
Mathew Nguyen,mathew.nguyen@example.com (Valid),07-4225-1600 (Invalid),male (Valid),31 (Valid),1992-11-03 (Valid),452 Mockingbird Hill,Tweed,New South Wales,2343,Australia,"101,750.00"
Rose Arnold,rose.arnold@example.com (Valid),011-854-3749 (Invalid),female (Valid),28 (Valid),1996-08-29 (Valid),1323 Mill Lane,Bray,Kilkenny,69247,Ireland,"97,568.00"
Miodrag Peter,miodrag.peter@example.com (Valid),0681-1658730 (Invalid),male (Valid),59 (Valid),1964-10-30 (Valid),8923 Industriestraße,Schwentinental,Sachsen,45968,Germany,"51,389.00"
Donna Lynch,donna.lynch@example.com (Valid),016973 87787 (Invalid),female (Valid),70 (Valid),1953-12-14 (Valid),9467 Rectory Lane,Swansea,Grampian,PF4X 8FX,United Kingdom,"75,335.00"
Abssilão da Mota,abssilao.damota@example.com (Valid),(28) 2473-9270 (Invalid),male (Valid),73 (Valid),1950-12-11 (Valid),231 Rua Dom Pedro Ii ,Montes Claros,Goiás,32867,Brazil,"83,017.00"
Gabriela Colón,gabriela.colon@example.com (Valid),(651) 025 5886 (Invalid),female (Valid),55 (Valid),1968-12-11 (Valid),6223 Continuación Sur Prado,Amozoc,Estado de Mexico,58918,Mexico,"82,599.00"
Yin Schepens,yin.schepens@example.com (Valid),(0220) 980722 (Invalid),male (Valid),43 (Valid),1980-12-28 (Valid),4154 Koarte Singel,Landgraaf,Noord-Holland,4153 XP,Netherlands,"41,496.00"
Molly Omholt,molly.omholt@example.com (Valid),35108210 (Invalid),female (Valid),66 (Valid),1958-06-11 (Valid),242 Jonsokveien,Langset,Sogn og Fjordane,5845,Norway,"94,124.00"
Levin Van Hilst,levin.vanhilst@example.com (Valid),(019) 1911891 (Invalid),male (Valid),46 (Valid),1978-06-19 (Valid),9 Korenmolenstraat,Peelo,Gelderland,3278 YS,Netherlands,"114,139.00"
Heinrich Morin,heinrich.morin@example.com (Valid),079 745 18 17 (Invalid),male (Valid),26 (Valid),1998-09-30 (Valid),2176 Rue Abel-Hovelacque,Lauwil,Luzern,2216,Switzerland,"42,908.00"
Jansénio Almeida,jansenio.almeida@example.com (Valid),(46) 8676-0543 (Invalid),male (Valid),58 (Valid),1966-09-30 (Valid),4427 Rua da Paz ,Coronel Fabriciano,Pará,71258,Brazil,"31,640.00"
Purificación Román,purificacion.roman@example.com (Valid),989-759-756 (Invalid),female (Valid),50 (Valid),1974-02-19 (Valid),2474 Avenida de Burgos,Lugo,Comunidad Valenciana,69335,Spain,"47,201.00"
Olivia Gagnon,olivia.gagnon@example.com (Valid),B85 Q16-8529 (Invalid),female (Valid),25 (Valid),1999-08-20 (Valid),9672 Oak St,Campbellton,Prince Edward Island,V5Y 3E7,Canada,"101,940.00"
Rose Kurz,rose.kurz@example.com (Valid),0075-8869139 (Invalid),female (Valid),49 (Valid),1975-08-04 (Valid),4050 Meisenweg,Rockenhausen,Thüringen,12462,Germany,"66,634.00"
Nuria Cabrera,nuria.cabrera@example.com (Valid),914-505-342 (Invalid),female (Valid),35 (Valid),1988-11-25 (Valid),4925 Calle de Segovia,Zaragoza,Extremadura,12175,Spain,"63,760.00"
Shawn Lane,shawn.lane@example.com (Valid),04-4146-1010 (Invalid),male (Valid),79 (Valid),1945-01-03 (Valid),6787 First Street,Perth,New South Wales,453,Australia,"64,927.00"
Teodora Katić,teodora.katic@example.com (Valid),020-0971-177 (Invalid),female (Valid),63 (Valid),1961-09-12 (Valid),2344 Starovlaška,Bela Palanka,Kosovo-Pomoravlje,93742,Serbia,"89,747.00"
Gül Sepetçi,gul.sepetci@example.com (Valid),(911)-734-0150 (Invalid),female (Valid),72 (Valid),1952-05-09 (Valid),2936 Fatih Sultan Mehmet Cd,Bolu,Muş,89981,Turkey,"81,265.00"
Orkun Hamstra,orkun.hamstra@example.com (Valid),(0796) 003759 (Invalid),male (Valid),49 (Valid),1975-02-16 (Valid),403 Abersonplein,Koudekerke,Overijssel,8400 PL,Netherlands,"97,656.00"
Maëly Moulin,maely.moulin@example.com (Valid),03-59-82-63-62 (Invalid),female (Valid),71 (Valid),1953-06-01 (Valid),5113 Rue du Village,Versailles,Bouches-du-Rhône,12965,France,"44,571.00"
بیتا نكو نظر,byt.nkwnzr@example.com (Valid),072-99470139 (Invalid),female (Valid),32 (Valid),1992-02-09 (Valid),9114 آیت الله کاشانی,بندرعباس,گلستان,16332,Iran,"70,017.00"
Francisco Pérez,francisco.perez@example.com (Valid),927-896-016 (Invalid),male (Valid),46 (Valid),1978-01-25 (Valid),1352 Avenida de Burgos,Cartagena,Ceuta,74902,Spain,"79,319.00"
Meghashree Mathew,meghashree.mathew@example.com (Valid),8051548442 (Invalid),female (Valid),40 (Valid),1984-07-30 (Valid),6210 Naiduthota,Alappuzha,Telangana,55145,India,"83,400.00"
Tracey Ryan,tracey.ryan@example.com (Valid),071-463-4678 (Invalid),female (Valid),44 (Valid),1980-10-08 (Valid),950 Church Road,Tramore,Monaghan,46679,Ireland,"35,308.00"
Parv Mardhekar,parv.mardhekar@example.com (Valid),9754473225 (Invalid),male (Valid),73 (Valid),1951-01-13 (Valid),1737 Rasta Peth,Buxar,Jharkhand,44245,India,"47,741.00"
Domenico Frank,domenico.frank@example.com (Valid),0683-8960288 (Invalid),male (Valid),35 (Valid),1989-05-12 (Valid),9077 Kiefernweg,Oer-Erkenschwick,Nordrhein-Westfalen,24992,Germany,"68,430.00"
Sofia Ortiz,sofia.ortiz@example.com (Valid),996-969-139 (Invalid),female (Valid),27 (Valid),1997-01-05 (Valid),2086 Avenida de Andalucía,Murcia,Aragón,36792,Spain,"78,721.00"
Anne Thygesen,anne.thygesen@example.com (Valid),21050115 (Invalid),female (Valid),37 (Valid),1987-01-08 (Valid),9170 Lønneveien,Søfteland,Hedmark,4119,Norway,"72,048.00"
Bernice Caldwell,bernice.caldwell@example.com (Valid),(553) 201-7427 (Invalid),female (Valid),42 (Valid),1981-10-26 (Valid),2012 Frances Ct,Fargo,Michigan,24966,United States,"31,012.00"
Katrine Christiansen,katrine.christiansen@example.com (Valid),29417029 (Invalid),female (Valid),49 (Valid),1975-10-02 (Valid),1326 Egevænget,Ansager,Midtjylland,41819,Denmark,"38,225.00"
Pauline Morgenstern,pauline.morgenstern@example.com (Valid),0630-3179355 (Invalid),female (Valid),27 (Valid),1997-04-06 (Valid),3421 Dorfstraße,Bad Bramstedt,Mecklenburg-Vorpommern,99082,Germany,"61,383.00"
Zoe Lee,zoe.lee@example.com (Valid),(951)-422-0831 (Invalid),female (Valid),36 (Valid),1988-09-23 (Valid),8892 Lake Terrace,Gisborne,Wellington,87903,New Zealand,"113,749.00"
Delphine Ennis,delphine.ennis@example.com (Valid),P31 Z51-9020 (Invalid),female (Valid),69 (Valid),1954-12-02 (Valid),5353 Coastal Highway,Carleton,Alberta,C0L 3A2,Canada,"99,557.00"
Bernfried Krenz,bernfried.krenz@example.com (Valid),0771-4577212 (Invalid),male (Valid),74 (Valid),1950-01-24 (Valid),3561 Kirchstraße,Lohmar,Hamburg,24059,Germany,"84,601.00"
Deann Murray,deann.murray@example.com (Valid),(416) 234-1560 (Invalid),female (Valid),33 (Valid),1991-08-20 (Valid),3293 Timber Wolf Trail,Palm Bay,Georgia,22023,United States,"32,334.00"
Sasa Blanchard,sasa.blanchard@example.com (Valid),076 977 11 60 (Invalid),male (Valid),48 (Valid),1976-04-08 (Valid),9928 Rue Abel-Ferry,Bever,Ticino,1799,Switzerland,"50,401.00"
Edita Chubatenko,edita.chubatenko@example.com (Valid),(099) R75-9317 (Invalid),female (Valid),33 (Valid),1991-08-25 (Valid),4720 Pidgirna,Noviy Bug,Harkivska,76066,Ukraine,"64,433.00"
Ernest Sullivan,ernest.sullivan@example.com (Valid),(530) 869-6575 (Invalid),male (Valid),67 (Valid),1957-07-08 (Valid),571 Brown Terrace,Salem,Georgia,90842,United States,"32,166.00"
Maya French,maya.french@example.com (Valid),J44 X00-5538 (Invalid),female (Valid),72 (Valid),1952-05-10 (Valid),7910 Grand Ave,Chelsea,British Columbia,X8M 2Y8,Canada,"91,578.00"
Isaac Castro,isaac.castro@example.com (Valid),0141 631 4638 (Invalid),male (Valid),78 (Valid),1946-07-12 (Valid),7509 York Road,York,County Armagh,TL0H 8BU,United Kingdom,"54,117.00"
Ross Mcdonalid,ross.mcdonalid@example.com (Valid),031-756-0907 (Invalid),male (Valid),25 (Valid),1999-01-07 (Valid),2325 Green Lane,New Ross,Cavan,69636,Ireland,"103,049.00"
Tess Lefebvre,tess.lefebvre@example.com (Valid),04-05-84-92-30 (Invalid),female (Valid),50 (Valid),1974-04-18 (Valid),3027 Rue Bataille,Pau,Jura,93950,France,"64,762.00"
Harvey Berry,harvey.berry@example.com (Valid),061-002-0606 (Invalid),male (Valid),45 (Valid),1979-05-17 (Valid),8736 The Drive,Buncrana,Roscommon,17358,Ireland,"105,985.00"
Herminia Cruz,herminia.cruz@example.com (Valid),(982) 736-6335 (Invalid),female (Valid),42 (Valid),1982-03-23 (Valid),7099 E Pecan St,Pittsburgh,Indiana,84719,United States,"119,172.00"
Sessa Alvarez,sessa.alvarez@example.com (Valid),(659) 573 6945 (Invalid),female (Valid),67 (Valid),1957-04-22 (Valid),8866 Retorno Ceja,Totatiche,Oaxaca,46246,Mexico,"104,483.00"
Nuray Behm,nuray.behm@example.com (Valid),0097-1183124 (Invalid),female (Valid),32 (Valid),1992-05-04 (Valid),9171 Mühlenstraße,Weida,Schleswig-Holstein,69669,Germany,"42,525.00"
Heidi Birkeli,heidi.birkeli@example.com (Valid),21672100 (Invalid),female (Valid),34 (Valid),1990-01-11 (Valid),9717 Professor Birkelands vei,Sponvika,Troms - Romsa,1263,Norway,"70,196.00"
Magdalena Milovanović,magdalena.milovanovic@example.com (Valid),021-2047-712 (Invalid),female (Valid),52 (Valid),1972-07-23 (Valid),6367 TihomilЈa Nikolića ,Tutin,West Bačka,84388,Serbia,"52,606.00"
Alicia Portillo,alicia.portillo@example.com (Valid),(683) 171 4545 (Invalid),female (Valid),76 (Valid),1948-08-05 (Valid),5395 Periférico Bahrein,Singuilucan,Coahuila,38781,Mexico,"98,693.00"
Adruzilo Cardoso,adruzilo.cardoso@example.com (Valid),(31) 1645-3286 (Invalid),male (Valid),75 (Valid),1949-03-10 (Valid),4977 Rua Dom Pedro Ii ,Jequié,Acre,88152,Brazil,"39,901.00"
Madison Gill,madison.gill@example.com (Valid),E11 E58-3734 (Invalid),female (Valid),75 (Valid),1949-07-13 (Valid),6949 Tecumseh Rd,Wellington,New Brunswick,O9Y 3O7,Canada,"88,151.00"
Warren Barrett,warren.barrett@example.com (Valid),017683 37684 (Invalid),male (Valid),52 (Valid),1972-03-26 (Valid),4372 London Road,Ripon,Devon,W2L 3WX,United Kingdom,"112,684.00"
Jon Thomas,jon.thomas@example.com (Valid),076 860 82 45 (Invalid),male (Valid),69 (Valid),1955-08-31 (Valid),5802 Rue du Château,Hettlingen,Schaffhausen,2109,Switzerland,"37,134.00"
Ferdinand Morel,ferdinand.morel@example.com (Valid),075 973 60 18 (Invalid),male (Valid),64 (Valid),1960-08-15 (Valid),9442 Rue Laure-Diebold,Curtilles,Bern,8511,Switzerland,"87,657.00"
Pereyaslav Barvinok,pereyaslav.barvinok@example.com (Valid),(098) X41-8382 (Invalid),male (Valid),24 (Valid),2000-03-08 (Valid),6589 Zolotovoritskiy proyizd,Kalinivka,Odeska,43801,Ukraine,"117,932.00"
Tyler Bowman,tyler.bowman@example.com (Valid),0110191 413 0555 (Invalid),male (Valid),77 (Valid),1947-02-27 (Valid),1302 Victoria Street,Ripon,Cleveland,VN65 4UB,United Kingdom,"40,345.00"
Sadraque de Souza,sadraque.desouza@example.com (Valid),(21) 8813-0172 (Invalid),male (Valid),36 (Valid),1988-09-18 (Valid),2339 Rua São Paulo ,Brusque,Espírito Santo,63414,Brazil,"77,295.00"
Mohamad Buan,mohamad.buan@example.com (Valid),77071761 (Invalid),male (Valid),30 (Valid),1994-05-17 (Valid),1163 Holmens gate,Meldal,Rogaland,1384,Norway,"97,732.00"
Teodósio Nogueira,teodosio.nogueira@example.com (Valid),(78) 7006-3311 (Invalid),male (Valid),38 (Valid),1986-09-22 (Valid),6646 Rua Santo Antônio ,Araguaína,Acre,62547,Brazil,"35,776.00"
Özkan Kunter,ozkan.kunter@example.com (Valid),(527)-764-8530 (Invalid),male (Valid),50 (Valid),1973-11-19 (Valid),8598 Tunalı Hilmi Cd,Şırnak,Muğla,33896,Turkey,"82,027.00"
Oscar Sørensen,oscar.sorensen@example.com (Valid),40004617 (Invalid),male (Valid),69 (Valid),1955-07-19 (Valid),6696 Industrivej,Rødvig Stevns,Danmark,64452,Denmark,"53,243.00"
Chloe Taylor,chloe.taylor@example.com (Valid),(711)-790-1380 (Invalid),female (Valid),51 (Valid),1973-07-09 (Valid),6515 Papanui Road,Lower Hutt,Northland,61585,New Zealand,"84,416.00"
Apolline Gauthier,apolline.gauthier@example.com (Valid),01-10-13-23-10 (Invalid),female (Valid),52 (Valid),1972-10-23 (Valid),8801 Rue des Écoles,Rouen,Bouches-du-Rhône,12309,France,"52,144.00"
Shanaya Patil,shanaya.patil@example.com (Valid),8364558648 (Invalid),female (Valid),45 (Valid),1978-12-16 (Valid),3276 Lamington Rd,Bellary,Arunachal Pradesh,12863,India,"53,010.00"
Augusto Mateo,augusto.mateo@example.com (Valid),(620) 912 7321 (Invalid),male (Valid),59 (Valid),1965-07-16 (Valid),7695 Callejón Sur Estévez,El Sabino,Guanajuato,88418,Mexico,"88,824.00"
Philip Sørensen,philip.sorensen@example.com (Valid),31880043 (Invalid),male (Valid),68 (Valid),1955-12-14 (Valid),2159 Københavnsvej,Sommersted,Sjælland,10537,Denmark,"32,467.00"
Camille Novak,camille.novak@example.com (Valid),N63 K91-2587 (Invalid),female (Valid),51 (Valid),1973-06-24 (Valid),7979 Alfred St,Beaumont,Ontario,P8A 3I4,Canada,"86,463.00"
Antonelo Ramos,antonelo.ramos@example.com (Valid),(49) 3407-2450 (Invalid),male (Valid),32 (Valid),1992-06-11 (Valid),3618 Rua José Bonifácio ,Rio Grande,Bahia,18878,Brazil,"35,776.00"
Terry Martinez,terry.martinez@example.com (Valid),(593) 706-4972 (Invalid),female (Valid),30 (Valid),1994-05-10 (Valid),5368 Dane St,Nampa,Colorado,26659,United States,"60,261.00"
Ceylan Alpuğan,ceylan.alpugan@example.com (Valid),(026)-428-7344 (Invalid),female (Valid),78 (Valid),1946-01-16 (Valid),8187 Fatih Sultan Mehmet Cd,Siirt,Niğde,53904,Turkey,"76,536.00"
Ilija Subašić,ilija.subasic@example.com (Valid),019-1101-073 (Invalid),male (Valid),45 (Valid),1978-12-20 (Valid),8864 Janka Šafarika ,Stara Pazova,Braničevo,30599,Serbia,"107,946.00"
Pedro Hetzel,pedro.hetzel@example.com (Valid),0006-0481344 (Invalid),male (Valid),61 (Valid),1962-10-31 (Valid),5255 Feldstraße,Bad Köstritz,Hessen,12495,Germany,"62,570.00"
درسا کامروا,drs.khmrw@example.com (Valid),028-20735397 (Invalid),female (Valid),45 (Valid),1979-07-20 (Valid),6751 نام قدیم میدان های تهران,خوی,سمنان,46091,Iran,"61,305.00"
Momčilo Miljković,momcilo.miljkovic@example.com (Valid),024-8886-716 (Invalid),male (Valid),32 (Valid),1991-11-17 (Valid),3870 Đorđa Radaka,Bačka Palanka,Braničevo,33418,Serbia,"43,921.00"
Emma Madsen,emma.madsen@example.com (Valid),75290819 (Invalid),female (Valid),46 (Valid),1978-01-11 (Valid),8142 Teglgårdsvej,København N,Danmark,83979,Denmark,"79,699.00"
Ariovalda Moreira,ariovalda.moreira@example.com (Valid),(71) 7952-7842 (Invalid),female (Valid),27 (Valid),1996-12-17 (Valid),2570 Rua da Saudade,Crato,Mato Grosso,46929,Brazil,"50,955.00"
Lumi Salmi,lumi.salmi@example.com (Valid),06-537-136 (Invalid),female (Valid),58 (Valid),1965-12-16 (Valid),5565 Myllypuronkatu,Pielavesi,Northern Ostrobothnia,51264,Finland,"45,181.00"
Ljubisav Anđelić,ljubisav.andelic@example.com (Valid),010-8558-740 (Invalid),male (Valid),45 (Valid),1979-04-12 (Valid),9000 Petra Nikšića,Kuršumlija,Prizren,65906,Serbia,"118,884.00"
Steve Reynolds,steve.reynolds@example.com (Valid),(696) 906-1943 (Invalid),male (Valid),33 (Valid),1991-03-30 (Valid),61 Mcgowen St,South Valley,New Hampshire,36632,United States,"49,967.00"
Vitan Sviridovskiy,vitan.sviridovskiy@example.com (Valid),(096) B93-7809 (Invalid),male (Valid),66 (Valid),1958-03-04 (Valid),8408 Rizkiy provulok,Skvira,Donecka,94900,Ukraine,"70,743.00"
Daryl Wells,daryl.wells@example.com (Valid),(772) 897-2421 (Invalid),male (Valid),79 (Valid),1945-04-02 (Valid),9256 Ash Dr,Costa Mesa,Hawaii,79667,United States,"91,962.00"
Lisa Lee,lisa.lee@example.com (Valid),09-8762-7307 (Invalid),female (Valid),68 (Valid),1955-10-28 (Valid),6535 Northaven Rd,Bowral,Australian Capital Territory,2790,Australia,"101,769.00"
Harrison Moore,harrison.moore@example.com (Valid),(683)-087-6549 (Invalid),male (Valid),42 (Valid),1982-01-16 (Valid),2921 Fitzherbert Avenue,Porirua,Hawke'S Bay,76536,New Zealand,"119,427.00"
Çetin Topaloğlu,cetin.topaloglu@example.com (Valid),(392)-848-7936 (Invalid),male (Valid),28 (Valid),1995-12-13 (Valid),2357 Filistin Cd,Diyarbakır,Isparta,78890,Turkey,"68,350.00"
Abelardo Manzanares,abelardo.manzanares@example.com (Valid),(685) 753 8990 (Invalid),male (Valid),59 (Valid),1965-01-03 (Valid),2257 Calzada Nauru,Colombia,Oaxaca,89165,Mexico,"82,918.00"
Svitoyara Durda,svitoyara.durda@example.com (Valid),(099) I95-8175 (Invalid),female (Valid),27 (Valid),1997-07-13 (Valid),3569 Likarnyana,Pogrebishche,Lvivska,22179,Ukraine,"36,546.00"
Jaime Ruiz,jaime.ruiz@example.com (Valid),905-555-624 (Invalid),male (Valid),43 (Valid),1981-01-23 (Valid),9307 Calle de La Almudena,Jerez de la Frontera,Comunidad Valenciana,31324,Spain,"78,553.00"
Esmeralda Bustos,esmeralda.bustos@example.com (Valid),(678) 641 0915 (Invalid),female (Valid),61 (Valid),1963-03-08 (Valid),8878 Peatonal Rosales,El Grullo,Oaxaca,20796,Mexico,"107,052.00"
Sabine Liebe,sabine.liebe@example.com (Valid),0707-0880654 (Invalid),female (Valid),72 (Valid),1952-10-20 (Valid),4672 Amselweg,Wismar,Bayern,97311,Germany,"70,808.00"
Eldar Ulset,eldar.ulset@example.com (Valid),83729535 (Invalid),male (Valid),36 (Valid),1988-10-19 (Valid),6933 Olaf Schous vei,Kleive,Vestfold,6184,Norway,"74,004.00"
Edwin Øygarden,edwin.oygarden@example.com (Valid),74213932 (Invalid),male (Valid),28 (Valid),1995-12-21 (Valid),5798 Vestgrensa,Jørstadmoen,Finnmark - Finnmárku,3692,Norway,"63,011.00"
Adine Hagland,adine.hagland@example.com (Valid),66296664 (Invalid),female (Valid),37 (Valid),1986-11-06 (Valid),1125 Haarklous plass,Opphaug,Bergen,4073,Norway,"70,239.00"
Silvija Radanović,silvija.radanovic@example.com (Valid),014-6456-789 (Invalid),female (Valid),43 (Valid),1981-02-17 (Valid),6007 Crvenih Hrastova,Ljig,Central Banat,81706,Serbia,"65,003.00"
Henry Fisher,henry.fisher@example.com (Valid),061-266-4887 (Invalid),male (Valid),34 (Valid),1990-04-28 (Valid),3026 West Street,Trim,Tipperary,56186,Ireland,"47,686.00"
Gelena Saliychuk,gelena.saliychuk@example.com (Valid),(066) W83-7899 (Invalid),female (Valid),25 (Valid),1998-12-09 (Valid),5965 Pririchna,Inkerman,Vinnicka,72709,Ukraine,"84,379.00"
Catherine Castillo,catherine.castillo@example.com (Valid),016973 28102 (Invalid),female (Valid),41 (Valid),1982-12-20 (Valid),9899 The Green,Edinburgh,Berkshire,JU0 9RS,United Kingdom,"53,511.00"
Ruby Cooper,ruby.cooper@example.com (Valid),(652)-228-1832 (Invalid),female (Valid),68 (Valid),1956-05-05 (Valid),5743 Memorial Avenue,Blenheim,West Coast,13042,New Zealand,"111,456.00"
Valdemar Mortensen,valdemar.mortensen@example.com (Valid),42309702 (Invalid),male (Valid),26 (Valid),1998-07-27 (Valid),4486 Fyrrevænget,Aarhus N,Hovedstaden,84805,Denmark,"99,064.00"
Leo Howell,leo.howell@example.com (Valid),(378) 817-8870 (Invalid),male (Valid),68 (Valid),1956-03-26 (Valid),8900 Cackson St,Las Vegas,New Hampshire,38260,United States,"53,849.00"
Mirella Durand,mirella.durand@example.com (Valid),078 112 23 74 (Invalid),female (Valid),52 (Valid),1972-03-02 (Valid),3244 Place de L'Abbé-Jean-Lebeuf,Oberkulm,Genève,1792,Switzerland,"112,888.00"
Nurdan Okumuş,nurdan.okumus@example.com (Valid),(641)-553-6340 (Invalid),female (Valid),53 (Valid),1971-04-11 (Valid),941 Doktorlar Cd,Bolu,Konya,92248,Turkey,"82,739.00"
Medomir Zyatik,medomir.zyatik@example.com (Valid),(099) B37-5678 (Invalid),male (Valid),56 (Valid),1968-08-19 (Valid),5973 Kolberga,Pomichna,Hersonska,25958,Ukraine,"68,653.00"
Florence Jackson,florence.jackson@example.com (Valid),(213)-294-2845 (Invalid),female (Valid),28 (Valid),1996-07-31 (Valid),8418 Marine Parade,Rotorua,Marlborough,16827,New Zealand,"98,038.00"
Timish Zagoruyko,timish.zagoruyko@example.com (Valid),(096) P77-3135 (Invalid),male (Valid),56 (Valid),1968-01-21 (Valid),9918 23 Veresnya,Bershad,Cherkaska,42586,Ukraine,"84,705.00"
Manuel Pearson,manuel.pearson@example.com (Valid),05-0583-3025 (Invalid),male (Valid),62 (Valid),1962-10-21 (Valid),300 Pecan Acres Ln,Maitland,New South Wales,7434,Australia,"36,004.00"
Alma Gilbert,alma.gilbert@example.com (Valid),00-2545-8508 (Invalid),female (Valid),73 (Valid),1951-08-01 (Valid),5696 Washington Ave,Sunshine Coast,Victoria,5751,Australia,"48,123.00"
Arquimino Lopes,arquimino.lopes@example.com (Valid),(47) 2950-0095 (Invalid),male (Valid),36 (Valid),1988-02-29 (Valid),4333 Rua Pernambuco ,Paulista,Amapá,13897,Brazil,"51,401.00"
Kim Bryant,kim.bryant@example.com (Valid),0121 206 4203 (Invalid),female (Valid),24 (Valid),2000-01-27 (Valid),7395 Springfield Road,Canterbury,Kent,G17 2PH,United Kingdom,"73,821.00"
Ismail Bernhard,ismail.bernhard@example.com (Valid),0333-9280971 (Invalid),male (Valid),32 (Valid),1992-10-12 (Valid),7247 Lessingstraße,Heidenheim,Baden-Württemberg,96211,Germany,"79,868.00"
Marianne Simon,marianne.simon@example.com (Valid),079 211 68 25 (Invalid),female (Valid),73 (Valid),1951-08-01 (Valid),5416 Place du 22 Novembre 1943,Ormont-Dessus,Uri,5834,Switzerland,"106,688.00"
Vedat Alnıaçık,vedat.alniacik@example.com (Valid),(605)-907-5411 (Invalid),male (Valid),77 (Valid),1946-12-21 (Valid),102 Şehitler Cd,Tokat,Ankara,94199,Turkey,"56,835.00"
Albert Christensen,albert.christensen@example.com (Valid),23702032 (Invalid),male (Valid),72 (Valid),1952-07-11 (Valid),5273 Engen,Ryslinge,Hovedstaden,48397,Denmark,"107,072.00"
Vilena Povazhniy,vilena.povazhniy@example.com (Valid),(096) G69-5646 (Invalid),female (Valid),31 (Valid),1992-11-17 (Valid),7382 Mihayla Kocyubinskogo,Rava-Ruska,Kiyivska,94322,Ukraine,"78,270.00"
Alexandre Ambrose,alexandre.ambrose@example.com (Valid),T93 K92-1293 (Invalid),male (Valid),53 (Valid),1971-05-27 (Valid),806 Duke St,Russell,Ontario,N3D 2L4,Canada,"57,763.00"
Trifun Katanić,trifun.katanic@example.com (Valid),011-0790-946 (Invalid),male (Valid),37 (Valid),1987-05-29 (Valid),5488 Nušićeva,Inđija,Zaječar,35699,Serbia,"102,893.00"
Jip Van der Post,jip.vanderpost@example.com (Valid),(024) 4809565 (Invalid),female (Valid),76 (Valid),1948-03-02 (Valid),7107 Galilei,Kinderdijk,Noord-Holland,3511 EV,Netherlands,"98,911.00"
Adem Limoncuoğlu,adem.limoncuoglu@example.com (Valid),(658)-666-3223 (Invalid),male (Valid),32 (Valid),1991-12-08 (Valid),8704 Istiklal Cd,Adana,Kars,82119,Turkey,"39,241.00"
Gottfried Laurent,gottfried.laurent@example.com (Valid),077 947 61 67 (Invalid),male (Valid),49 (Valid),1974-12-18 (Valid),8149 Place Paul-Duquaire,Giornico,Obwalden,7220,Switzerland,"78,736.00"
Juana Guerrero,juana.guerrero@example.com (Valid),971-418-109 (Invalid),female (Valid),65 (Valid),1958-11-23 (Valid),3042 Calle de La Almudena,Parla,Asturias,85580,Spain,"58,371.00"
Paula Perrin,paula.perrin@example.com (Valid),075 615 07 73 (Invalid),female (Valid),75 (Valid),1949-08-19 (Valid),3158 Rue des Cuirassiers,Cugy (Fr),Solothurn,2244,Switzerland,"80,747.00"
Lea Gill,lea.gill@example.com (Valid),A47 T52-5795 (Invalid),female (Valid),32 (Valid),1992-01-21 (Valid),4154 Cedar St,Belmont,Québec,Q7N 1B8,Canada,"30,491.00"
Čedomir Lapčević,cedomir.lapcevic@example.com (Valid),027-5731-164 (Invalid),male (Valid),53 (Valid),1971-04-15 (Valid),3533 Zorke Todosić ,Lapovo,Bor,18778,Serbia,"55,042.00"
Calista Veldhuizen,calista.veldhuizen@example.com (Valid),(045) 8221208 (Invalid),female (Valid),51 (Valid),1972-12-03 (Valid),6202 Joseph Lunslaan,Daarlerveen,Drenthe,3070 MS,Netherlands,"119,488.00"
Tito Silva,tito.silva@example.com (Valid),(13) 3461-8596 (Invalid),male (Valid),45 (Valid),1979-02-04 (Valid),770 Rua Primeiro de Maio ,Umuarama,Acre,88871,Brazil,"56,352.00"
Molly Patel,molly.patel@example.com (Valid),(153)-663-8233 (Invalid),female (Valid),56 (Valid),1967-12-15 (Valid),6866 Bealey Avenue,Invercargill,Bay of Plenty,86879,New Zealand,"30,961.00"
Kirk Crawford,kirk.crawford@example.com (Valid),(520) 761-3684 (Invalid),male (Valid),67 (Valid),1957-09-10 (Valid),8384 W Dallas St,Raleigh,Maryland,33454,United States,"116,222.00"
Celine Garnier,celine.garnier@example.com (Valid),077 497 44 77 (Invalid),female (Valid),66 (Valid),1958-02-14 (Valid),2294 Avenue Vauban,Donat,Uri,8041,Switzerland,"31,124.00"
Flynn Li,flynn.li@example.com (Valid),(170)-340-4656 (Invalid),male (Valid),73 (Valid),1951-01-12 (Valid),5743 Domain Road,Whanganui,Southland,98650,New Zealand,"91,187.00"
Dale Graham,dale.graham@example.com (Valid),031-540-3636 (Invalid),male (Valid),50 (Valid),1974-01-07 (Valid),1276 Henry Street,Youghal,Cavan,58199,Ireland,"72,832.00"
Carmen Lucas,carmen.lucas@example.com (Valid),(219) 252-7227 (Invalid),female (Valid),23 (Valid),2000-11-28 (Valid),5850 Westheimer Rd,Fort Lauderdale,Georgia,19263,United States,"39,819.00"
Brynjar Fossan,brynjar.fossan@example.com (Valid),53048707 (Invalid),male (Valid),34 (Valid),1989-11-07 (Valid),8709 Grindbakken,Lensbygda,Vestfold,4260,Norway,"97,207.00"
Naser Louis,naser.louis@example.com (Valid),075 790 47 13 (Invalid),male (Valid),36 (Valid),1988-09-05 (Valid),6051 Avenue du Château,Champvent,Genève,6656,Switzerland,"73,255.00"
Veeti Kujala,veeti.kujala@example.com (Valid),04-529-102 (Invalid),male (Valid),33 (Valid),1991-09-02 (Valid),3163 Esplanadi,Lappajärvi,Kymenlaakso,66784,Finland,"53,209.00"
Ronja Kujala,ronja.kujala@example.com (Valid),04-749-785 (Invalid),female (Valid),33 (Valid),1991-10-21 (Valid),4728 Hämeenkatu,Pyhäjärvi,Southern Ostrobothnia,34862,Finland,"107,410.00"
Drago Lazić,drago.lazic@example.com (Valid),026-6411-129 (Invalid),male (Valid),66 (Valid),1958-08-11 (Valid),9343 Vrbeštička,Priština,Pirot,40650,Serbia,"85,642.00"
Robin Roussel,robin.roussel@example.com (Valid),076 573 57 04 (Invalid),male (Valid),42 (Valid),1982-06-28 (Valid),2004 Rue Laure-Diebold,Lauperswil,Aargau,1500,Switzerland,"111,221.00"
Eduardo Hernandez,eduardo.hernandez@example.com (Valid),05-2230-4571 (Invalid),male (Valid),57 (Valid),1967-08-29 (Valid),5628 Ranchview Dr,Gladstone,New South Wales,5228,Australia,"113,863.00"
Claudio Hernádez,claudio.hernadez@example.com (Valid),(648) 787 3216 (Invalid),male (Valid),77 (Valid),1947-09-09 (Valid),3782 Andador Espinosa,Coatetelco,Sonora,65467,Mexico,"33,393.00"
Niklas Niskanen,niklas.niskanen@example.com (Valid),05-651-412 (Invalid),male (Valid),37 (Valid),1987-01-31 (Valid),2685 Rotuaari,Vaala,Northern Ostrobothnia,70828,Finland,"55,693.00"
Laura Rasmussen,laura.rasmussen@example.com (Valid),63117623 (Invalid),female (Valid),41 (Valid),1983-09-26 (Valid),7951 Vænget,Esbjerg V,Nordjylland,19710,Denmark,"50,672.00"
Virgil Richardson,virgil.richardson@example.com (Valid),01776 62240 (Invalid),male (Valid),69 (Valid),1955-01-20 (Valid),3288 Main Road,Portsmouth,Somerset,S13 9LH,United Kingdom,"108,859.00"
دینا مرادی,dyn.mrdy@example.com (Valid),014-70453347 (Invalid),female (Valid),75 (Valid),1949-02-03 (Valid),1998 میدان قیام,ساوه,کرمانشاه,11369,Iran,"101,699.00"
Candela Pinto,candela.pinto@example.com (Valid),(61) 4083-7469 (Invalid),female (Valid),44 (Valid),1980-08-18 (Valid),4772 Rua Santa Maria ,Paulo Afonso,Tocantins,57067,Brazil,"70,554.00"
Léa Duval,lea.duval@example.com (Valid),077 025 07 36 (Invalid),female (Valid),30 (Valid),1993-12-07 (Valid),4204 Rue Saint-Georges,Chêne-Bougeries,Schaffhausen,1504,Switzerland,"63,786.00"
Vildan Abanuz,vildan.abanuz@example.com (Valid),(232)-029-3865 (Invalid),female (Valid),62 (Valid),1962-07-12 (Valid),1684 Tunalı Hilmi Cd,Siirt,Kırıkkale,50158,Turkey,"65,629.00"
John Santos,john.santos@example.com (Valid),974-381-823 (Invalid),male (Valid),28 (Valid),1996-07-29 (Valid),9300 Ronda de Toledo,Cuenca,Canarias,48259,Spain,"78,962.00"
Goriglyad Cisik,goriglyad.cisik@example.com (Valid),(066) Z97-2031 (Invalid),male (Valid),76 (Valid),1948-02-20 (Valid),7540 Teodora Drayzera,Rahiv,Volinska,23984,Ukraine,"71,255.00"
Stella Edvartsen,stella.edvartsen@example.com (Valid),63866501 (Invalid),female (Valid),48 (Valid),1976-01-18 (Valid),6240 Torshovgata,Kjøllefjord,Troms - Romsa,6645,Norway,"97,278.00"
Radana Ivahiv,radana.ivahiv@example.com (Valid),(096) X05-7849 (Invalid),female (Valid),61 (Valid),1963-03-21 (Valid),3468 Darvina,Mirnograd,Lvivska,48819,Ukraine,"49,412.00"
هستی قاسمی,hsty.qsmy@example.com (Valid),005-28945222 (Invalid),female (Valid),33 (Valid),1990-11-11 (Valid),6777 ولیعصر / مصدق,اردبیل,سمنان,25904,Iran,"39,968.00"
Felipe Velasco,felipe.velasco@example.com (Valid),969-254-937 (Invalid),male (Valid),61 (Valid),1963-04-05 (Valid),8470 Calle Covadonga,Santiago de Compostela,Canarias,31633,Spain,"33,761.00"
Ángeles Lorenzo,angeles.lorenzo@example.com (Valid),919-820-324 (Invalid),female (Valid),39 (Valid),1985-05-27 (Valid),9214 Paseo de Zorrilla,Alcalá de Henares,Islas Baleares,65489,Spain,"118,638.00"
Dora Gautier,dora.gautier@example.com (Valid),076 157 70 10 (Invalid),female (Valid),54 (Valid),1970-10-17 (Valid),8764 Rue de la Charité,Grindelwald,Zug,1398,Switzerland,"112,926.00"
Gabe Shaw,gabe.shaw@example.com (Valid),(677) 425-0387 (Invalid),male (Valid),56 (Valid),1968-03-10 (Valid),1222 Mcclellan Rd,Clarksville,Montana,11874,United States,"115,996.00"
Max Wang,max.wang@example.com (Valid),(443)-205-0797 (Invalid),male (Valid),51 (Valid),1972-12-27 (Valid),6631 Wairakei Road,Whanganui,Gisborne,30005,New Zealand,"98,878.00"
Byron Willis,byron.willis@example.com (Valid),071-873-0854 (Invalid),male (Valid),77 (Valid),1947-07-18 (Valid),1189 Victoria Road,Ashbourne,Offaly,72965,Ireland,"85,115.00"
Sophie Rødsjø,sophie.rodsjo@example.com (Valid),38248955 (Invalid),female (Valid),33 (Valid),1991-06-07 (Valid),5459 Tante Ulrikkes vei,Midsund,Vest-Agder,8910,Norway,"34,590.00"
Deborah Morin,deborah.morin@example.com (Valid),075 636 19 89 (Invalid),female (Valid),66 (Valid),1958-01-17 (Valid),4724 Rue des Abbesses,Ursenbach,Schaffhausen,9057,Switzerland,"74,685.00"
Aatu Kauppila,aatu.kauppila@example.com (Valid),03-424-869 (Invalid),male (Valid),49 (Valid),1975-02-19 (Valid),1473 Tahmelantie,Askola,North Karelia,94135,Finland,"116,018.00"
Caroline Horton,caroline.horton@example.com (Valid),08-1835-7179 (Invalid),female (Valid),48 (Valid),1976-08-25 (Valid),4658 Fincher Rd,Traralgon,Western Australia,1321,Australia,"83,809.00"
Linda Mason,linda.mason@example.com (Valid),051-233-6651 (Invalid),female (Valid),25 (Valid),1999-05-17 (Valid),642 High Street,Newcastle West,Cavan,17536,Ireland,"90,976.00"
Bryan Perez,bryan.perez@example.com (Valid),(591) 259-7361 (Invalid),male (Valid),31 (Valid),1993-07-02 (Valid),5698 Edwards Rd,San Bernardino,Montana,65777,United States,"109,788.00"
Dino Fleury,dino.fleury@example.com (Valid),076 096 80 87 (Invalid),male (Valid),61 (Valid),1963-06-09 (Valid),7645 Montée Saint-Barthélémy,Cressier (Ne),Basel-Stadt,9836,Switzerland,"94,934.00"
Lea Ross,lea.ross@example.com (Valid),U35 X49-0383 (Invalid),female (Valid),31 (Valid),1993-02-08 (Valid),5536 Peel St,Odessa,Ontario,U8Y 9H0,Canada,"95,629.00"
Miro Saksa,miro.saksa@example.com (Valid),06-013-847 (Invalid),male (Valid),54 (Valid),1970-09-23 (Valid),6748 Rotuaari,Vörå,Lapland,79663,Finland,"75,169.00"
Naod Souza,naod.souza@example.com (Valid),(34) 3258-9337 (Invalid),male (Valid),54 (Valid),1970-08-05 (Valid),6620 Rua da Saudade,Votorantim,Distrito Federal,39824,Brazil,"51,450.00"
Pihla Lahti,pihla.lahti@example.com (Valid),09-550-098 (Invalid),female (Valid),64 (Valid),1960-06-06 (Valid),6669 Myllypuronkatu,Naantali,Satakunta,86509,Finland,"85,992.00"
Alexander Jørgensen,alexander.jorgensen@example.com (Valid),00493456 (Invalid),male (Valid),28 (Valid),1995-10-31 (Valid),3515 Præstbrovej,Hammel,Hovedstaden,47883,Denmark,"102,738.00"
Todd Larson,todd.larson@example.com (Valid),051-086-2966 (Invalid),male (Valid),63 (Valid),1961-06-17 (Valid),1001 Park Avenue,Athy,Waterford,71687,Ireland,"72,127.00"
Jessie Lewis,jessie.lewis@example.com (Valid),(675) 818-5726 (Invalid),male (Valid),45 (Valid),1979-06-29 (Valid),1978 Timber Wolf Trail,Lewiston,Pennsylvania,94986,United States,"52,958.00"
Martín Romero,martin.romero@example.com (Valid),936-898-580 (Invalid),male (Valid),46 (Valid),1978-06-06 (Valid),228 Calle de La Luna,Murcia,País Vasco,92403,Spain,"61,221.00"
Eduardo Long,eduardo.long@example.com (Valid),021-298-1027 (Invalid),male (Valid),33 (Valid),1991-06-13 (Valid),6801 Mill Lane,Cavan,Galway,17221,Ireland,"105,258.00"
Dylan Sirko,dylan.sirko@example.com (Valid),H59 M48-9418 (Invalid),male (Valid),47 (Valid),1976-11-26 (Valid),9667 Simcoe St,Trenton,Northwest Territories,H3K 4B2,Canada,"96,603.00"
Frida Jensen,frida.jensen@example.com (Valid),61937027 (Invalid),female (Valid),27 (Valid),1997-07-31 (Valid),3051 Kystvej,Gjern,Hovedstaden,86004,Denmark,"119,213.00"
Aubrey Harcourt,aubrey.harcourt@example.com (Valid),A37 I26-0178 (Invalid),female (Valid),36 (Valid),1988-01-15 (Valid),7303 King St,Dorchester,New Brunswick,T6U 8R2,Canada,"78,145.00"
Anders Sjøli,anders.sjoli@example.com (Valid),39908495 (Invalid),male (Valid),65 (Valid),1959-09-04 (Valid),8194 Porfyrveien,Hammarsland,Description,5506,Norway,"106,704.00"
Scarlett Robinson,scarlett.robinson@example.com (Valid),(155)-891-6039 (Invalid),female (Valid),44 (Valid),1980-07-31 (Valid),1274 Maraekakaho Road,Lower Hutt,Southland,39360,New Zealand,"87,448.00"
Emilia Gil,emilia.gil@example.com (Valid),967-102-647 (Invalid),female (Valid),30 (Valid),1994-05-25 (Valid),9651 Calle de Téllez,Granada,Extremadura,54391,Spain,"52,356.00"
Phillip Boyd,phillip.boyd@example.com (Valid),01928 45470 (Invalid),male (Valid),44 (Valid),1980-06-18 (Valid),3393 Mill Lane,Newcastle upon Tyne,Hertfordshire,I5 1DT,United Kingdom,"41,387.00"
Babür Kutlay,babur.kutlay@example.com (Valid),(659)-992-1663 (Invalid),male (Valid),67 (Valid),1957-02-15 (Valid),3531 Maçka Cd,Diyarbakır,Rize,39521,Turkey,"113,259.00"
Jorge Luis Iglesias,jorgeluis.iglesias@example.com (Valid),(674) 860 1689 (Invalid),male (Valid),36 (Valid),1988-04-09 (Valid),1056 Diagonal Veracruz de Ignacio de la Llave,Tuzamapan,Coahuila,82363,Mexico,"88,192.00"
Vesna Smiljanić,vesna.smiljanic@example.com (Valid),032-4768-528 (Invalid),female (Valid),72 (Valid),1952-10-19 (Valid),1816 Luke Spasojevića,Bor,Pomoravlje,48605,Serbia,"63,479.00"
Santa Tregub,santa.tregub@example.com (Valid),(097) K85-3066 (Invalid),female (Valid),56 (Valid),1967-11-26 (Valid),1707 Maydan Geroyiv,Gorlivka,Zhitomirska,35694,Ukraine,"87,249.00"
Parth Mathew,parth.mathew@example.com (Valid),7394746519 (Invalid),male (Valid),55 (Valid),1969-01-26 (Valid),9847 Mirza Ghalib St,Gwalior,Telangana,77752,India,"75,348.00"
Kevin Jones,kevin.jones@example.com (Valid),06-7391-4013 (Invalid),male (Valid),78 (Valid),1946-05-18 (Valid),9265 Camden Ave,Warrnambool,Victoria,3498,Australia,"58,260.00"
Saffira Tibbe,saffira.tibbe@example.com (Valid),(0137) 528653 (Invalid),female (Valid),64 (Valid),1959-11-27 (Valid),4724 Arendsplein,Well Gld,Flevoland,8950 JB,Netherlands,"73,478.00"
Bilogost Nizhinskiy,bilogost.nizhinskiy@example.com (Valid),(096) D68-6285 (Invalid),male (Valid),79 (Valid),1945-10-11 (Valid),293 Vilde,Mospine,Odeska,57376,Ukraine,"80,196.00"
Isaiah Bell,isaiah.bell@example.com (Valid),071-262-0322 (Invalid),male (Valid),55 (Valid),1969-10-02 (Valid),7972 Grafton Street,Rush,Galway,99749,Ireland,"101,537.00"
Shchek Boyko,shchek.boyko@example.com (Valid),(097) U44-4706 (Invalid),male (Valid),45 (Valid),1979-02-16 (Valid),496 Proskurivska,Zboriv,Donecka,34157,Ukraine,"97,734.00"
Thea Nielsen,thea.nielsen@example.com (Valid),77258846 (Invalid),female (Valid),44 (Valid),1979-12-24 (Valid),1662 Toftevej,Sundby/Erslev,Danmark,24472,Denmark,"51,522.00"
Buse Koyuncu,buse.koyuncu@example.com (Valid),(885)-564-5786 (Invalid),female (Valid),27 (Valid),1997-07-17 (Valid),8457 Kushimoto Sk,Diyarbakır,Adıyaman,30653,Turkey,"116,048.00"
Eli Martin,eli.martin@example.com (Valid),(562)-017-3834 (Invalid),male (Valid),34 (Valid),1990-08-06 (Valid),4029 Glenfield Road,Whangarei,Wellington,23020,New Zealand,"116,300.00"
Frederick Little,frederick.little@example.com (Valid),(259) 278-8856 (Invalid),male (Valid),69 (Valid),1955-04-19 (Valid),7278 White Oak Dr,San Mateo,Oklahoma,18885,United States,"30,005.00"
Stéphanie Hendriks,stephanie.hendriks@example.com (Valid),(0713) 004218 (Invalid),female (Valid),29 (Valid),1995-08-15 (Valid),8173 Bankijkerweg,Aalzum,Friesland,6441 WT,Netherlands,"115,257.00"
سورنا احمدی,swrn.hmdy@example.com (Valid),000-62026765 (Invalid),male (Valid),40 (Valid),1984-05-17 (Valid),4066 شهید علی باستانی,یزد,آذربایجان شرقی,61730,Iran,"68,026.00"
Wanderleya Caldeira,wanderleya.caldeira@example.com (Valid),(77) 4981-2075 (Invalid),female (Valid),57 (Valid),1967-10-22 (Valid),9605 Rua Paraná ,Queimados,Roraima,11138,Brazil,"107,388.00"
Salvador Long,salvador.long@example.com (Valid),09-7960-6152 (Invalid),male (Valid),53 (Valid),1971-04-01 (Valid),357 Hillcrest Rd,Dubbo,South Australia,4960,Australia,"48,144.00"
José Carlos Arevalo,josecarlos.arevalo@example.com (Valid),(664) 101 0593 (Invalid),male (Valid),76 (Valid),1948-03-28 (Valid),361 Continuación Nayarit,Comonfort,Estado de Mexico,59732,Mexico,"110,944.00"
Eline Legrand,eline.legrand@example.com (Valid),03-80-20-70-38 (Invalid),female (Valid),36 (Valid),1988-01-02 (Valid),114 Rue Duquesne,Marseille,Orne,73982,France,"117,890.00"
Davut Karabulut,davut.karabulut@example.com (Valid),(958)-616-3922 (Invalid),male (Valid),57 (Valid),1967-03-21 (Valid),4469 Maçka Cd,Sivas,Diyarbakır,36095,Turkey,"79,094.00"
Keira Edwards,keira.edwards@example.com (Valid),(446)-999-1056 (Invalid),female (Valid),61 (Valid),1963-04-17 (Valid),154 High Street,Hamilton,Gisborne,41836,New Zealand,"86,808.00"
Henry Stanley,henry.stanley@example.com (Valid),(534) 454-2623 (Invalid),male (Valid),34 (Valid),1990-01-20 (Valid),7729 W 6th St,Anchorage,Maryland,37338,United States,"83,712.00"
Ronja Leino,ronja.leino@example.com (Valid),09-135-881 (Invalid),female (Valid),62 (Valid),1962-01-25 (Valid),8718 Reijolankatu,Pudasjärvi,South Karelia,53643,Finland,"82,609.00"
Eugenio Morales,eugenio.morales@example.com (Valid),982-305-539 (Invalid),male (Valid),42 (Valid),1982-08-08 (Valid),9263 Calle de Argumosa,Granada,Cantabria,27377,Spain,"72,348.00"
Charles Chow,charles.chow@example.com (Valid),R69 J81-7872 (Invalid),male (Valid),58 (Valid),1966-02-22 (Valid),2614 St. Catherine St,Selkirk,Saskatchewan,C3Z 4J3,Canada,"49,480.00"
Silas Jørgensen,silas.jorgensen@example.com (Valid),73009719 (Invalid),male (Valid),57 (Valid),1966-11-08 (Valid),5520 Strandengen,Beder,Danmark,48957,Denmark,"30,805.00"
Erich Picard,erich.picard@example.com (Valid),078 583 68 52 (Invalid),male (Valid),64 (Valid),1960-02-12 (Valid),3422 Rue Bony,Wangen bei Olten,Jura,2963,Switzerland,"55,896.00"
Iina Lampi,iina.lampi@example.com (Valid),09-560-391 (Invalid),female (Valid),64 (Valid),1960-03-31 (Valid),3598 Myllypuronkatu,Nykarleby,Finland Proper,46469,Finland,"84,288.00"
Lisette Rieken,lisette.rieken@example.com (Valid),(024) 6119372 (Invalid),female (Valid),47 (Valid),1977-02-02 (Valid),935 Duivenslagstraat,Kedichem,Flevoland,3148 TD,Netherlands,"108,115.00"
Malthe Sørensen,malthe.sorensen@example.com (Valid),28150866 (Invalid),male (Valid),63 (Valid),1961-05-06 (Valid),462 Ågade,Hirtsals,Hovedstaden,79022,Denmark,"67,361.00"
Joel Manninen,joel.manninen@example.com (Valid),05-406-087 (Invalid),male (Valid),28 (Valid),1996-02-20 (Valid),6313 Hatanpään Valtatie,Sonkajärvi,Lapland,89197,Finland,"38,935.00"
Ronja Lammi,ronja.lammi@example.com (Valid),04-840-318 (Invalid),female (Valid),33 (Valid),1991-01-08 (Valid),2808 Fredrikinkatu,Nokia,North Karelia,73625,Finland,"87,397.00"
Harley Moore,harley.moore@example.com (Valid),(858)-762-8460 (Invalid),male (Valid),35 (Valid),1989-01-01 (Valid),780 Wilson Road,Auckland,Taranaki,42362,New Zealand,"73,647.00"
Srećko Ognjanović,srecko.ognjanovic@example.com (Valid),029-8659-850 (Invalid),male (Valid),27 (Valid),1997-07-13 (Valid),90 Porodice Dimić,Ljig,Toplica,40383,Serbia,"78,812.00"
Ramiro Alemán,ramiro.aleman@example.com (Valid),(626) 010 7044 (Invalid),male (Valid),38 (Valid),1986-03-25 (Valid),7767 Circuito Tabasco,Matachic,Jalisco,72008,Mexico,"95,574.00"
Braxton Jackson,braxton.jackson@example.com (Valid),(920)-409-9690 (Invalid),male (Valid),53 (Valid),1971-09-14 (Valid),5984 Market Street,Lower Hutt,Gisborne,30370,New Zealand,"103,032.00"
Andreas Mortensen,andreas.mortensen@example.com (Valid),66421595 (Invalid),male (Valid),60 (Valid),1964-05-27 (Valid),6099 Bøgeparken,Beder,Midtjylland,64353,Denmark,"91,967.00"
Austin Gutierrez,austin.gutierrez@example.com (Valid),07-0063-1807 (Invalid),male (Valid),52 (Valid),1972-02-15 (Valid),4883 Dane St,Wagga Wagga,Northern Territory,9427,Australia,"59,065.00"
René Ibarra,rene.ibarra@example.com (Valid),(612) 338 4247 (Invalid),male (Valid),65 (Valid),1958-11-08 (Valid),3108 Privada Sur Madrigal,El Sauz,Chihuahua,53045,Mexico,"51,351.00"
Clémentine Simon,clementine.simon@example.com (Valid),04-71-77-95-05 (Invalid),female (Valid),40 (Valid),1984-01-03 (Valid),354 Rue du Bât-D'Argent,Nanterre,Manche,88879,France,"67,759.00"
Blake Ginnish,blake.ginnish@example.com (Valid),T53 J38-7211 (Invalid),male (Valid),61 (Valid),1963-04-26 (Valid),4423 Dalhousie Ave,Burlington,Québec,U9M 8U8,Canada,"68,263.00"
Bratislava Jović,bratislava.jovic@example.com (Valid),035-6715-028 (Invalid),female (Valid),49 (Valid),1975-07-10 (Valid),9844 Ljiljane Jovanović,Boljevac,Kolubara,86855,Serbia,"73,332.00"
Aada Lepisto,aada.lepisto@example.com (Valid),08-390-287 (Invalid),female (Valid),40 (Valid),1983-10-30 (Valid),6978 Myllypuronkatu,Heinola,Northern Savonia,78032,Finland,"65,322.00"
Eileen Ruiz,eileen.ruiz@example.com (Valid),02-9674-2045 (Invalid),female (Valid),48 (Valid),1975-10-31 (Valid),4456 W Sherman Dr,Gladstone,Tasmania,8661,Australia,"95,463.00"
Erin Allen,erin.allen@example.com (Valid),(528) 421-7678 (Invalid),female (Valid),40 (Valid),1984-08-07 (Valid),1163 Robinson Rd,Burkburnett,Texas,92769,United States,"80,245.00"
Cristóbal González,cristobal.gonzalez@example.com (Valid),972-212-380 (Invalid),male (Valid),58 (Valid),1966-07-19 (Valid),4090 Avenida del Planetario,Córdoba,La Rioja,68657,Spain,"100,349.00"
Enrique Delgado,enrique.delgado@example.com (Valid),904-649-485 (Invalid),male (Valid),71 (Valid),1953-03-13 (Valid),1242 Calle de Ferraz,Pontevedra,Canarias,75576,Spain,"49,714.00"
Volkan Fahri,volkan.fahri@example.com (Valid),(254)-505-3228 (Invalid),male (Valid),77 (Valid),1947-01-19 (Valid),5390 Doktorlar Cd,Niğde,Bingöl,49672,Turkey,"77,676.00"
Kaya Yıldızoğlu,kaya.yildizoglu@example.com (Valid),(553)-866-5755 (Invalid),male (Valid),38 (Valid),1986-03-12 (Valid),7304 Mevlana Cd,Kahramanmaraş,Ordu,72732,Turkey,"91,242.00"
Guy Cole,guy.cole@example.com (Valid),021-015-3081 (Invalid),male (Valid),60 (Valid),1964-03-27 (Valid),185 School Lane,Duleek,Laois,23088,Ireland,"79,331.00"
آرمیتا رضاییان,armyt.rdyyn@example.com (Valid),007-95331199 (Invalid),female (Valid),35 (Valid),1989-03-15 (Valid),8532 سپهبد قرنی,زنجان,مرکزی,65220,Iran,"85,387.00"
Lúcio da Conceição,lucio.daconceicao@example.com (Valid),(26) 8119-0227 (Invalid),male (Valid),27 (Valid),1997-04-01 (Valid),2650 Rua São Luiz ,Maceió,Rio Grande do Norte,53794,Brazil,"32,963.00"
Jimmie Taylor,jimmie.taylor@example.com (Valid),06-4202-4991 (Invalid),male (Valid),23 (Valid),2001-03-26 (Valid),2477 Royal Ln,Bendigo,Victoria,5034,Australia,"35,563.00"
Andre Washington,andre.washington@example.com (Valid),09-6109-2302 (Invalid),male (Valid),77 (Valid),1947-05-11 (Valid),6285 Woodland St,Hobart,Australian Capital Territory,5427,Australia,"91,057.00"
Korina Nimchuk,korina.nimchuk@example.com (Valid),(098) K09-4039 (Invalid),female (Valid),34 (Valid),1990-07-22 (Valid),8656 Ushicka,Hodoriv,Donecka,58082,Ukraine,"74,666.00"
John Mason,john.mason@example.com (Valid),08-6671-0637 (Invalid),male (Valid),77 (Valid),1947-08-27 (Valid),6468 Hunters Creek Dr,Queanbeyan,New South Wales,2339,Australia,"89,794.00"
Liva Rasmussen,liva.rasmussen@example.com (Valid),88676661 (Invalid),female (Valid),31 (Valid),1993-05-09 (Valid),8567 Havbakken,København V,Midtjylland,12921,Denmark,"115,065.00"
Poppy Evans,poppy.evans@example.com (Valid),(715)-755-2406 (Invalid),female (Valid),24 (Valid),2000-07-01 (Valid),4334 Hillsborough Road,Lower Hutt,Nelson,77280,New Zealand,"35,247.00"
Ailin Somby,ailin.somby@example.com (Valid),64873346 (Invalid),female (Valid),48 (Valid),1976-03-12 (Valid),6214 Baneveien,Amtmannsnes,Troms - Romsa,4734,Norway,"83,113.00"
Mlada Arhipchuk,mlada.arhipchuk@example.com (Valid),(068) V35-9472 (Invalid),female (Valid),30 (Valid),1993-12-28 (Valid),6719 Persha Poperechna,Fastiv,Zaporizka,80600,Ukraine,"83,409.00"
Cora das Neves,cora.dasneves@example.com (Valid),(02) 2333-1771 (Invalid),female (Valid),71 (Valid),1953-04-12 (Valid),6327 Rua João Xxiii,Juazeiro do Norte,Amazonas,85845,Brazil,"71,311.00"
Claudio Villa,claudio.villa@example.com (Valid),(641) 408 3189 (Invalid),male (Valid),48 (Valid),1975-10-29 (Valid),3374 Avenida Angola,Moyahua,Sinaloa,39540,Mexico,"45,977.00"
Douglas Thompson,douglas.thompson@example.com (Valid),016977 9135 (Invalid),male (Valid),78 (Valid),1946-02-26 (Valid),2151 North Street,Armagh,Tayside,P0 9DD,United Kingdom,"34,807.00"
Brooke Russell,brooke.russell@example.com (Valid),01822 12630 (Invalid),female (Valid),57 (Valid),1966-11-19 (Valid),9127 The Drive,Belfast,Avon,YZ9W 6XZ,United Kingdom,"72,799.00"
Aada Hanka,aada.hanka@example.com (Valid),07-380-411 (Invalid),female (Valid),72 (Valid),1952-05-17 (Valid),7784 Otavalankatu,Alavieska,Southern Savonia,74585,Finland,"79,541.00"
Ilian Vierhout,ilian.vierhout@example.com (Valid),(0655) 732171 (Invalid),male (Valid),51 (Valid),1973-04-01 (Valid),3022 Drieringensteeg,Wilbertoord,Zuid-Holland,1762 DZ,Netherlands,"71,452.00"
Andreas Sørensen,andreas.sorensen@example.com (Valid),63970154 (Invalid),male (Valid),69 (Valid),1955-10-08 (Valid),1658 Skibhusvej,København S,Syddanmark,54115,Denmark,"54,518.00"
Jamie Burns,jamie.burns@example.com (Valid),(709) 578-3686 (Invalid),male (Valid),43 (Valid),1981-07-26 (Valid),8495 Spring St,Rio Rancho,Georgia,50569,United States,"114,043.00"
Magnus Hansen,magnus.hansen@example.com (Valid),75960302 (Invalid),male (Valid),32 (Valid),1992-10-10 (Valid),9989 Ramsherred,Ishoej,Danmark,35153,Denmark,"69,261.00"
Dragiša Bajević,dragisa.bajevic@example.com (Valid),013-8120-126 (Invalid),male (Valid),27 (Valid),1996-11-02 (Valid),503 Miloša Petrovića,Bosilegrad,Pirot,58241,Serbia,"114,391.00"
Teodora Silić,teodora.silic@example.com (Valid),010-7124-838 (Invalid),female (Valid),62 (Valid),1962-09-30 (Valid),6778 Vučka Milićevića,Boljevac,Braničevo,81250,Serbia,"34,560.00"
Roman Morris,roman.morris@example.com (Valid),(047)-361-1202 (Invalid),male (Valid),66 (Valid),1958-08-28 (Valid),8499 Wairakei Road,Taupo,Nelson,56593,New Zealand,"59,683.00"
Iina Suomi,iina.suomi@example.com (Valid),04-924-870 (Invalid),female (Valid),43 (Valid),1981-05-05 (Valid),4134 Aleksanterinkatu,Nilsiä,Kymenlaakso,72568,Finland,"52,093.00"
Phoebe Gibson,phoebe.gibson@example.com (Valid),061-428-9721 (Invalid),female (Valid),77 (Valid),1947-07-26 (Valid),9574 Grange Road,Dundalk,Wicklow,16790,Ireland,"36,106.00"
Ramzi Hagemans,ramzi.hagemans@example.com (Valid),(0654) 063411 (Invalid),male (Valid),43 (Valid),1981-01-08 (Valid),3340 Burgemeester Swaanstraat,Doornenburg,Groningen,2256 RI,Netherlands,"47,984.00"
Nicolas Herrera,nicolas.herrera@example.com (Valid),981-109-934 (Invalid),male (Valid),77 (Valid),1946-12-04 (Valid),2640 Paseo de Zorrilla,Lugo,Aragón,34079,Spain,"78,059.00"
Piper Williams,piper.williams@example.com (Valid),(750)-251-9643 (Invalid),female (Valid),33 (Valid),1991-02-27 (Valid),171 Fergusson Drive,Masterton,Gisborne,14714,New Zealand,"94,782.00"
Poppy Turner,poppy.turner@example.com (Valid),(053)-067-6182 (Invalid),female (Valid),36 (Valid),1988-04-02 (Valid),1714 Courtenay Place,Christchurch,Auckland,37978,New Zealand,"63,041.00"
Rose Johnston,rose.johnston@example.com (Valid),08-3063-2090 (Invalid),female (Valid),51 (Valid),1972-10-31 (Valid),1533 Edwards Rd,Dubbo,Queensland,5326,Australia,"72,588.00"
مرسانا گلشن,mrsn.glshn@example.com (Valid),053-61742632 (Invalid),female (Valid),33 (Valid),1991-01-09 (Valid),6805 شهید گلپایگانی,اراک,خراسان رضوی,55402,Iran,"63,058.00"
Alejandra Vega,alejandra.vega@example.com (Valid),975-954-148 (Invalid),female (Valid),78 (Valid),1946-02-08 (Valid),6644 Calle de Atocha,Jerez de la Frontera,La Rioja,12954,Spain,"44,080.00"
Dustin Day,dustin.day@example.com (Valid),(327) 705-4832 (Invalid),male (Valid),55 (Valid),1968-12-30 (Valid),988 Central St,Cape Coral,Washington,97816,United States,"34,437.00"
Armando Larson,armando.larson@example.com (Valid),09-4337-3811 (Invalid),male (Valid),37 (Valid),1987-09-24 (Valid),7624 Eason Rd,Warrnambool,South Australia,9889,Australia,"96,974.00"
Chrisander Rossland,chrisander.rossland@example.com (Valid),36169945 (Invalid),male (Valid),27 (Valid),1997-02-04 (Valid),1772 Kongeveien,Vikebø,Telemark,5354,Norway,"48,059.00"
Saana Remes,saana.remes@example.com (Valid),08-993-876 (Invalid),female (Valid),44 (Valid),1980-08-10 (Valid),2854 Visiokatu,Juankoski,Northern Savonia,61440,Finland,"72,140.00"
Lydia Moreno,lydia.moreno@example.com (Valid),04-2532-1004 (Invalid),female (Valid),68 (Valid),1956-05-02 (Valid),5092 Timber Wolf Trail,Mackay,Victoria,3011,Australia,"92,579.00"
Benji Ter Steege,benji.tersteege@example.com (Valid),(021) 1168649 (Invalid),male (Valid),67 (Valid),1957-03-12 (Valid),9257 G.B. Shawplaats,Bedum,Noord-Holland,3559 WG,Netherlands,"78,683.00"
Sara Oliver,sara.oliver@example.com (Valid),031-243-9400 (Invalid),female (Valid),40 (Valid),1984-02-24 (Valid),6142 South Street,Bray,Carlow,54760,Ireland,"62,712.00"
Judith Parker,judith.parker@example.com (Valid),05-1289-8842 (Invalid),female (Valid),67 (Valid),1957-10-21 (Valid),2162 Camden Ave,Gladstone,Victoria,1852,Australia,"34,752.00"
مانی نكو نظر,mny.nkwnzr@example.com (Valid),019-15760026 (Invalid),male (Valid),58 (Valid),1966-09-26 (Valid),7330 مصطفی خمینی,کرج,کرمانشاه,49292,Iran,"42,838.00"
Theo Johnson,theo.johnson@example.com (Valid),(943)-586-9901 (Invalid),male (Valid),65 (Valid),1959-08-27 (Valid),1135 Hillsborough Road,Tauranga,Wellington,88606,New Zealand,"103,991.00"
Lucia Garrido,lucia.garrido@example.com (Valid),931-460-421 (Invalid),female (Valid),76 (Valid),1948-05-05 (Valid),9271 Calle de Atocha,Ferrol,Canarias,63870,Spain,"85,876.00"
Mathew Carr,mathew.carr@example.com (Valid),05-1323-8075 (Invalid),male (Valid),40 (Valid),1984-02-15 (Valid),517 Lovers Ln,Traralgon,Victoria,4790,Australia,"70,853.00"
Alan Hoyer,alan.hoyer@example.com (Valid),0391-1408874 (Invalid),male (Valid),67 (Valid),1957-03-14 (Valid),1601 Im Winkel,Germering,Nordrhein-Westfalen,92317,Germany,"98,713.00"
Aatu Lahti,aatu.lahti@example.com (Valid),09-590-307 (Invalid),male (Valid),43 (Valid),1981-10-13 (Valid),374 Nordenskiöldinkatu,Föglö,Southern Savonia,58502,Finland,"109,283.00"
Branka Bekić,branka.bekic@example.com (Valid),010-4051-492 (Invalid),female (Valid),71 (Valid),1953-05-27 (Valid),9214 Milana Mijalkovića,Čačak,Kosovska Mitrovica,99571,Serbia,"81,470.00"
Anja Žigić,anja.zigic@example.com (Valid),021-3171-094 (Invalid),female (Valid),35 (Valid),1988-12-29 (Valid),5132 Josifa Pančića,Bojnik,Zaječar,13128,Serbia,"48,430.00"
Sophia Chapman,sophia.chapman@example.com (Valid),011-946-0481 (Invalid),female (Valid),48 (Valid),1976-09-08 (Valid),2697 Manor Road,Bray,Longford,36911,Ireland,"71,815.00"
Lyna Garcia,lyna.garcia@example.com (Valid),04-14-40-05-46 (Invalid),female (Valid),51 (Valid),1973-03-29 (Valid),85 Rue Principale,Rueil-Malmaison,Pas-de-Calais,39685,France,"97,607.00"
Zoneide Martins,zoneide.martins@example.com (Valid),(64) 3206-3654 (Invalid),female (Valid),55 (Valid),1969-10-19 (Valid),209 Rua São José ,Cabo Frio,Pernambuco,82237,Brazil,"72,508.00"
Leonardo Salgado,leonardo.salgado@example.com (Valid),(613) 671 6293 (Invalid),male (Valid),30 (Valid),1994-06-09 (Valid),4591 Circunvalación Sierra Leona,Santa Catarina Juquila,Coahuila,11450,Mexico,"65,468.00"
Milovan Anđelić,milovan.andelic@example.com (Valid),025-2874-835 (Invalid),male (Valid),43 (Valid),1981-06-22 (Valid),1689 Gružanska Ulica,Inđija,Pomoravlje,96965,Serbia,"107,004.00"
Ege Çetin,ege.cetin@example.com (Valid),(294)-649-7846 (Invalid),female (Valid),26 (Valid),1997-11-05 (Valid),8248 Anafartalar Cd,Kütahya,Antalya,53075,Turkey,"86,078.00"
Borislav Vuksanović,borislav.vuksanovic@example.com (Valid),037-9247-045 (Invalid),male (Valid),63 (Valid),1961-06-02 (Valid),4517 Krajiška,Smederevska Palanka,Kosovo,91182,Serbia,"60,569.00"
Anel Naranjo,anel.naranjo@example.com (Valid),(622) 652 7430 (Invalid),female (Valid),24 (Valid),2000-07-27 (Valid),4852 Ampliación Coahuila de Zaragoza,Santo Niño Aguanaval,Guerrero,33852,Mexico,"75,226.00"
Barış Nebioğlu,baris.nebioglu@example.com (Valid),(655)-148-7406 (Invalid),male (Valid),75 (Valid),1949-02-02 (Valid),6707 Maçka Cd,Kastamonu,Trabzon,79202,Turkey,"67,629.00"
Jelmer Van Hoef,jelmer.vanhoef@example.com (Valid),(0524) 170557 (Invalid),male (Valid),72 (Valid),1951-12-03 (Valid),9828 Calaislaan,Hillegom,Groningen,3361 SH,Netherlands,"119,707.00"
Brad Mccoy,brad.mccoy@example.com (Valid),016977 6450 (Invalid),male (Valid),77 (Valid),1947-09-17 (Valid),6494 Church Street,Norwich,Cheshire,HR2 4YN,United Kingdom,"60,432.00"
Buse Pekkan,buse.pekkan@example.com (Valid),(004)-219-4510 (Invalid),female (Valid),33 (Valid),1991-07-05 (Valid),6241 Şehitler Cd,Samsun,Van,69971,Turkey,"105,474.00"
Dejan Bonnet,dejan.bonnet@example.com (Valid),076 898 21 86 (Invalid),male (Valid),73 (Valid),1951-06-16 (Valid),5161 Avenue Goerges Clémenceau,Büron,Zug,6014,Switzerland,"118,375.00"
Vicky Price,vicky.price@example.com (Valid),071-000-7920 (Invalid),female (Valid),75 (Valid),1948-11-18 (Valid),6703 Rochestown Road,Kinsale,Laois,79421,Ireland,"114,781.00"
Teodor Branković,teodor.brankovic@example.com (Valid),025-2962-753 (Invalid),male (Valid),60 (Valid),1964-08-03 (Valid),5576 Kosmetska,Lučani,Kosovska Mitrovica,19746,Serbia,"113,313.00"
Anna Butler,anna.butler@example.com (Valid),031-126-8046 (Invalid),female (Valid),51 (Valid),1973-03-16 (Valid),9202 George Street,Newbridge,Clare,28972,Ireland,"34,550.00"
Lucy Newman,lucy.newman@example.com (Valid),(737) 473-5356 (Invalid),female (Valid),33 (Valid),1990-10-30 (Valid),3797 Nowlin Rd,West Jordan,West Virginia,37621,United States,"63,428.00"
Austin Coleman,austin.coleman@example.com (Valid),01981 109039 (Invalid),male (Valid),69 (Valid),1955-07-31 (Valid),6712 New Street,Liverpool,Buckinghamshire,SD3 2LT,United Kingdom,"102,963.00"
Marshall Jordan,marshall.jordan@example.com (Valid),(484) 331-9685 (Invalid),male (Valid),33 (Valid),1990-10-28 (Valid),8345 Robinson Rd,Concord,Illinois,33168,United States,"52,387.00"
Gligorije Sokolović,gligorije.sokolovic@example.com (Valid),021-4597-293 (Invalid),male (Valid),57 (Valid),1967-06-04 (Valid),3539 Ðure Jakšića,Leposavić,North Banat,39487,Serbia,"38,839.00"
Villads Kristensen,villads.kristensen@example.com (Valid),72763406 (Invalid),male (Valid),67 (Valid),1957-07-21 (Valid),4884 Klintevej,Roslev,Hovedstaden,50121,Denmark,"96,250.00"
Mia Liu,mia.liu@example.com (Valid),Q08 Y68-3895 (Invalid),female (Valid),65 (Valid),1959-03-22 (Valid),2342 Tecumseh Rd,Cartwright,New Brunswick,L1W 4F6,Canada,"73,123.00"
Kelly Graves,kelly.graves@example.com (Valid),(417) 967-0690 (Invalid),male (Valid),45 (Valid),1979-02-18 (Valid),2103 W Gray St,Fort Collins,Pennsylvania,46444,United States,"113,121.00"
Silvia Gallego,silvia.gallego@example.com (Valid),998-505-607 (Invalid),female (Valid),40 (Valid),1983-10-29 (Valid),9989 Calle del Prado,Orense,Extremadura,41743,Spain,"93,758.00"
مهدیس كامياران,mhdys.kmyrn@example.com (Valid),068-93972109 (Invalid),female (Valid),53 (Valid),1971-09-02 (Valid),7617 میدان دکتر فاطمی / جهاد,بوشهر,سمنان,60712,Iran,"111,319.00"
Anna-Maria Henze,anna-maria.henze@example.com (Valid),0877-6850865 (Invalid),female (Valid),50 (Valid),1974-02-19 (Valid),4135 Poststraße,Spaichingen,Nordrhein-Westfalen,47441,Germany,"47,902.00"
Batista Pereira,batista.pereira@example.com (Valid),(55) 6121-9009 (Invalid),male (Valid),63 (Valid),1961-05-20 (Valid),9709 Rua Pernambuco ,Varginha,Bahia,17589,Brazil,"53,845.00"
Saskia Garcia,saskia.garcia@example.com (Valid),077 522 99 89 (Invalid),female (Valid),38 (Valid),1985-10-28 (Valid),3885 Place de la Mairie,Gollion,Solothurn,4114,Switzerland,"83,265.00"
Savannah Anderson,savannah.anderson@example.com (Valid),(647)-878-7168 (Invalid),female (Valid),27 (Valid),1997-07-17 (Valid),4552 Penrose Road,Upper Hutt,Southland,73836,New Zealand,"89,896.00"
Julija Spajić,julija.spajic@example.com (Valid),015-8639-984 (Invalid),female (Valid),75 (Valid),1949-08-12 (Valid),4459 Lipik,Kosjerić,Rasina,52270,Serbia,"46,941.00"
Sangeetha Suvarna,sangeetha.suvarna@example.com (Valid),7096070678 (Invalid),female (Valid),42 (Valid),1982-07-18 (Valid),7404 College St,Kumbakonam,Assam,91375,India,"111,924.00"
Aurora Mateo,aurora.mateo@example.com (Valid),(653) 694 5219 (Invalid),female (Valid),71 (Valid),1953-01-14 (Valid),2716 Continuación Norte Arce,Pijijiapan,Sonora,61587,Mexico,"95,330.00"
Jonathan Reed,jonathan.reed@example.com (Valid),(499) 993-8819 (Invalid),male (Valid),67 (Valid),1956-12-17 (Valid),9223 Walnut Hill Ln,Alexandria,Michigan,49258,United States,"118,272.00"
Lester Soto,lester.soto@example.com (Valid),01-5917-8341 (Invalid),male (Valid),67 (Valid),1957-09-09 (Valid),5847 N Stelling Rd,Geelong,Australian Capital Territory,1819,Australia,"109,025.00"
پریا رضاییان,pry.rdyyn@example.com (Valid),054-60092676 (Invalid),female (Valid),74 (Valid),1950-06-21 (Valid),8807 قدس,اصفهان,اصفهان,77308,Iran,"50,379.00"
Lovise Myrene,lovise.myrene@example.com (Valid),25371204 (Invalid),female (Valid),49 (Valid),1974-12-17 (Valid),3402 Fjeldhøikroken,Askjem,Hedmark,3943,Norway,"64,983.00"
Laura Hernández,laura.hernandez@example.com (Valid),921-616-985 (Invalid),female (Valid),77 (Valid),1947-04-09 (Valid),5529 Avenida de Andalucía,Alicante,Andalucía,29129,Spain,"87,937.00"
Korneliya Klyuchkovskiy,korneliya.klyuchkovskiy@example.com (Valid),(068) I37-1317 (Invalid),female (Valid),54 (Valid),1970-04-04 (Valid),1110 Prospekt Traktorobudivnikiv,Pokrov,Mikolayivska,20671,Ukraine,"50,319.00"
Rebecca Gardner,rebecca.gardner@example.com (Valid),0119035 046 5328 (Invalid),female (Valid),79 (Valid),1945-10-02 (Valid),2858 The Drive,Bradford,Bedfordshire,U58 9TN,United Kingdom,"61,225.00"
Carl Rasmussen,carl.rasmussen@example.com (Valid),48519158 (Invalid),male (Valid),51 (Valid),1973-07-20 (Valid),5173 Finlandsvej,Ryslinge,Sjælland,88831,Denmark,"32,014.00"
Romeo Hodne,romeo.hodne@example.com (Valid),30153306 (Invalid),male (Valid),49 (Valid),1975-04-16 (Valid),8329 Gaustadveien,Mysen,Bergen,5122,Norway,"61,863.00"
Hedi Seewald,hedi.seewald@example.com (Valid),0161-2024278 (Invalid),female (Valid),66 (Valid),1958-03-08 (Valid),1024 Dorfstraße,Idar-Oberstein,Niedersachsen,50308,Germany,"74,525.00"
Rachel Griffin,rachel.griffin@example.com (Valid),061-436-9753 (Invalid),female (Valid),37 (Valid),1987-07-25 (Valid),9905 Park Avenue,Tramore,Kilkenny,74596,Ireland,"32,867.00"
Artie Hordijk,artie.hordijk@example.com (Valid),(044) 3097252 (Invalid),female (Valid),23 (Valid),2000-11-28 (Valid),4699 Geert Groteplein,Marsum,Limburg,9686 JF,Netherlands,"48,311.00"
Lucas Andersen,lucas.andersen@example.com (Valid),70124402 (Invalid),male (Valid),44 (Valid),1980-09-26 (Valid),8186 Niels Juels Vej,Brondby,Nordjylland,82581,Denmark,"77,889.00"
